{"text": " December 9th, 2025 PM shift. Austin, $100. Ryan, $16.", "segments": [{"id": 0, "seek": 0, "start": 0.0, "end": 9.0, "text": " December 9th, 2025 PM shift. Austin, $100. Ryan, $16.", "tokens": [50364, 7687, 1722, 392, 11, 39209, 12499, 5513, 13, 15356, 11, 1848, 6879, 13, 9116, 11, 1848, 6866, 13, 50814], "temperature": 0.0, "avg_logprob": -0.46148104894728886, "compression_ratio": 0.9298245614035088, "no_speech_prob": 0.0883253812789917}], "language": "en"}